[{"id":"6285712513292@s.whatsapp.net","besi":5,"gold":1,"emerald":1,"umpan":1,"potion":1,"mahkota":0,"Cho":0,"token":99},{"id":"6289508428057@s.whatsapp.net","besi":5,"gold":1,"emerald":1,"umpan":1,"potion":1,"mahkota":0,"Cho":0,"token":0},{"id":"62856541750651@s.whatsapp.net","besi":5,"gold":1,"emerald":1,"umpan":1,"potion":1,"mahkota":0,"Cho":0,"token":0},{"id":"6283123448708@s.whatsapp.net","besi":5,"gold":1,"emerald":2,"umpan":1,"potion":1,"mahkota":null,"Cho":5,"token":9999},{"id":"6285659595687@s.whatsapp.net","besi":5,"gold":1,"emerald":1,"umpan":1,"potion":1,"mahkota":0,"Cho":0,"token":0},{"id":"628884344957@s.whatsapp.net","besi":10,"gold":1,"emerald":3,"umpan":1,"potion":1,"mahkota":null,"Cho":0,"token":0},{"id":"6281802517868@s.whatsapp.net","besi":5,"gold":1,"emerald":1,"umpan":1,"potion":1,"mahkota":0,"Cho":0,"token":0},{"id":"6283117190494@s.whatsapp.net","besi":5,"gold":1,"emerald":1,"umpan":1,"potion":0,"mahkota":0,"Cho":0,"token":0}]